﻿{"cameraMode":{"drawMode":0,"name":"Shaded","section":"Shading Mode"},"sceneLighting":false,"audioPlay":false,"sceneViewState":{"showFog":true,"showMaterialUpdate":false,"showSkybox":true,"showFlares":true,"showImageEffects":true,"showParticleSystems":true},"in2DMode":false,"pivot":{"x":-5.622348308563232,"y":-8.527464866638184,"z":0.7009556293487549},"rotation":{"x":-0.013498358428478241,"y":0.01349871139973402,"z":-0.0001822431368054822,"w":-0.9998177886009216},"size":2.8578836917877199,"orthographic":false}